lng,lat
-0.198465,51.505538
110.345032,1.553110
110.345032,1.553110
110.345032,1.553110
110.345032,1.553110
110.345032,1.553110
110.345032,1.553110
110.345032,1.553110
110.345032,1.553110
110.345032,1.553110
110.345032,1.553110
110.345032,1.553110
110.345032,1.553110
110.345032,1.553110
110.345032,1.553110
110.345032,1.553110
110.345032,1.553110
110.345032,1.553110
110.345032,1.553110
110.345032,1.553110
110.345032,1.553110
110.345032,1.553110
110.345032,1.553110
110.345032,1.553110
110.345032,1.553110
110.345032,1.553110
110.345032,1.553110
110.345032,1.553110
110.345032,1.553110
110.345032,1.553110
110.345032,1.553110
110.345032,1.553110
110.345032,1.553110
110.345032,1.553110
110.345032,1.553110
110.345032,1.553110
110.345032,1.553110
110.345032,1.553110
110.345032,1.553110
110.345032,1.553110
110.345032,1.553110
110.345032,1.553110
110.345032,1.553110
110.345032,1.553110
110.345032,1.553110
110.345032,1.553110
110.345032,1.553110
110.345032,1.553110
110.345032,1.553110
110.345032,1.553110
110.345032,1.553110
110.345032,1.553110
110.345032,1.553110
110.345032,1.553110
110.345032,1.553110
110.345032,1.553110
110.345032,1.553110
110.345032,1.553110
110.345032,1.553110
110.345032,1.553110
110.345032,1.553110
110.345032,1.553110
110.345032,1.553110
110.345032,1.553110
110.345032,1.553110
110.345032,1.553110
110.345032,1.553110
110.345032,1.553110
110.345032,1.553110
110.345032,1.553110
110.345032,1.553110
110.345032,1.553110
110.345032,1.553110
110.345032,1.553110
110.345032,1.553110
110.345032,1.553110
110.345032,1.553110
110.345032,1.553110
110.345032,1.553110
110.345032,1.553110
110.345032,1.553110
110.345032,1.553110
110.345032,1.553110
110.345032,1.553110
110.345032,1.553110
110.345032,1.553110
110.345032,1.553110
110.345032,1.553110
110.345032,1.553110
110.345032,1.553110
110.345032,1.553110
110.345032,1.553110
110.345032,1.553110
110.345032,1.553110
110.345032,1.553110
110.345032,1.553110
110.345032,1.553110
110.345032,1.553110
110.345032,1.553110
110.345032,1.553110
110.345032,1.553110
110.345032,1.553110
110.345032,1.553110
110.345032,1.553110
110.345032,1.553110
110.345032,1.553110
110.345032,1.553110
110.345032,1.553110
110.345032,1.553110
110.345032,1.553110
110.345032,1.553110
110.345032,1.553110
110.345032,1.553110
110.345032,1.553110
110.345032,1.553110
110.345032,1.553110
110.345032,1.553110
110.345032,1.553110
110.345032,1.553110
110.345032,1.553110
110.345032,1.553110
110.345032,1.553110
110.345032,1.553110
110.345032,1.553110
110.345032,1.553110
110.345032,1.553110
110.345032,1.553110
110.345032,1.553110
110.345032,1.553110
110.345032,1.553110
110.345032,1.553110
110.345032,1.553110
110.345032,1.553110
110.345032,1.553110
110.345032,1.553110
110.345032,1.553110
110.345032,1.553110
110.345032,1.553110
110.345032,1.553110
110.345032,1.553110
110.345032,1.553110
110.345032,1.553110
110.345032,1.553110
110.345032,1.553110
110.345032,1.553110
110.345032,1.553110
110.345032,1.553110
110.345032,1.553110
110.345032,1.553110
110.345032,1.553110
110.345032,1.553110
110.345032,1.553110
110.345032,1.553110
110.345032,1.553110
110.345032,1.553110
110.345032,1.553110
110.345032,1.553110
110.345032,1.553110
110.345032,1.553110
110.345032,1.553110
110.345032,1.553110
110.345032,1.553110
110.345032,1.553110
110.345032,1.553110
110.345032,1.553110
110.345032,1.553110
110.345032,1.553110
110.345032,1.553110
110.345032,1.553110
110.345032,1.553110
110.345032,1.553110
110.345032,1.553110
110.345032,1.553110
110.345032,1.553110
110.345032,1.553110
110.345032,1.553110
110.345032,1.553110
110.345032,1.553110
110.345032,1.553110
110.345032,1.553110
110.345032,1.553110
110.345032,1.553110
110.345032,1.553110
110.345032,1.553110
110.345032,1.553110
110.345032,1.553110
110.345032,1.553110
110.345032,1.553110
110.345032,1.553110
110.345032,1.553110
110.345032,1.553110
110.345032,1.553110
110.345032,1.553110
110.345032,1.553110
110.345032,1.553110
110.345032,1.553110
110.345032,1.553110
110.345032,1.553110
110.345032,1.553110
110.345032,1.553110
110.345032,1.553110
110.345032,1.553110
110.345032,1.553110
110.345032,1.553110
110.345032,1.553110
110.345032,1.553110
110.345032,1.553110
110.345032,1.553110
110.345032,1.553110
110.345032,1.553110
110.345032,1.553110
110.345032,1.553110
110.345032,1.553110
110.345032,1.553110
110.345032,1.553110
110.345032,1.553110
110.345032,1.553110
110.345032,1.553110
110.345032,1.553110
110.345032,1.553110
110.345032,1.553110
110.345032,1.553110
110.345032,1.553110
110.345032,1.553110
110.345032,1.553110
110.345032,1.553110
110.345032,1.553110
110.345032,1.553110
110.345032,1.553110
110.345032,1.553110
110.345032,1.553110
110.345032,1.553110
110.345032,1.553110
110.345032,1.553110
110.345032,1.553110
110.345032,1.553110
110.345032,1.553110
110.345032,1.553110
110.345032,1.553110
110.345032,1.553110
110.345032,1.553110
110.345032,1.553110
110.345032,1.553110
110.345032,1.553110
110.345032,1.553110
110.345032,1.553110
110.345032,1.553110
110.345032,1.553110
110.345032,1.553110
110.345032,1.553110
110.345032,1.553110
110.345032,1.553110
110.345032,1.553110
110.345032,1.553110
110.345032,1.553110
110.345032,1.553110
110.345032,1.553110
110.345032,1.553110
110.345032,1.553110
110.345032,1.553110
110.345032,1.553110
110.345032,1.553110
110.345032,1.553110
110.345032,1.553110
110.345032,1.553110
110.345032,1.553110
110.345032,1.553110
110.345032,1.553110
110.345032,1.553110
110.345032,1.553110
110.345032,1.553110
110.345032,1.553110
110.345032,1.553110
110.345032,1.553110
110.345032,1.553110
110.345032,1.553110
110.345032,1.553110
110.345032,1.553110
110.345032,1.553110
110.345032,1.553110
110.345032,1.553110
110.345032,1.553110
110.345032,1.553110
110.345032,1.553110
110.345032,1.553110
110.345032,1.553110
110.345032,1.553110
110.345032,1.553110
110.345032,1.553110
110.345032,1.553110
110.345032,1.553110
110.345032,1.553110
110.345032,1.553110
110.345032,1.553110
110.345032,1.553110
110.345032,1.553110
110.345032,1.553110
110.345032,1.553110
110.345032,1.553110
110.345032,1.553110
110.345032,1.553110
110.345032,1.553110
110.345032,1.553110
110.345032,1.553110
110.345032,1.553110
110.345032,1.553110
110.345032,1.553110
110.345032,1.553110
110.345032,1.553110
110.345032,1.553110
110.345032,1.553110
110.345032,1.553110
110.345032,1.553110
110.345032,1.553110
110.345032,1.553110
110.345032,1.553110
110.345032,1.553110
110.345032,1.553110
110.345032,1.553110
110.345032,1.553110
110.345032,1.553110
110.345032,1.553110
110.345032,1.553110
110.345032,1.553110
110.345032,1.553110
110.345032,1.553110
110.345032,1.553110
110.345032,1.553110
110.345032,1.553110
110.345032,1.553110
110.345032,1.553110
110.345032,1.553110
110.345032,1.553110
110.345032,1.553110
110.345032,1.553110
110.345032,1.553110
110.345032,1.553110
110.345032,1.553110
110.345032,1.553110
110.345032,1.553110
110.345032,1.553110
110.345032,1.553110
110.345032,1.553110
110.345032,1.553110
110.345032,1.553110
110.345032,1.553110
110.345032,1.553110
110.345032,1.553110
110.345032,1.553110
110.345032,1.553110
110.345032,1.553110
110.345032,1.553110
110.345032,1.553110
110.345032,1.553110
110.345032,1.553110
110.345032,1.553110
110.345032,1.553110
110.345032,1.553110
110.345032,1.553110
110.345032,1.553110
110.345032,1.553110
110.345032,1.553110
110.345032,1.553110
110.345032,1.553110
110.345032,1.553110
110.345032,1.553110
110.345032,1.553110
110.345032,1.553110
110.345032,1.553110
110.345032,1.553110
110.345032,1.553110
110.345032,1.553110
110.345032,1.553110
110.345032,1.553110
110.345032,1.553110
110.345032,1.553110
110.345032,1.553110
110.345032,1.553110
110.345032,1.553110
110.345032,1.553110
110.345032,1.553110
110.345032,1.553110
110.345032,1.553110
110.345032,1.553110
110.345032,1.553110
110.345032,1.553110
110.345032,1.553110
110.345032,1.553110
110.345032,1.553110
110.345032,1.553110
110.345032,1.553110
110.345032,1.553110
110.345032,1.553110
110.345032,1.553110
110.345032,1.553110
110.345032,1.553110
110.345032,1.553110
110.345032,1.553110
110.345032,1.553110
110.345032,1.553110
110.345032,1.553110
110.345032,1.553110
110.345032,1.553110
110.345032,1.553110
110.345032,1.553110
110.345032,1.553110
110.345032,1.553110
110.345032,1.553110
110.345032,1.553110
110.345032,1.553110
110.345032,1.553110
110.345032,1.553110
110.345032,1.553110
110.345032,1.553110
110.345032,1.553110
110.345032,1.553110
110.345032,1.553110
110.345032,1.553110
110.345032,1.553110
110.345032,1.553110
110.345032,1.553110
110.345032,1.553110
110.345032,1.553110
110.345032,1.553110
110.345032,1.553110
110.345032,1.553110
110.345032,1.553110
110.345032,1.553110
110.345032,1.553110
110.345032,1.553110
110.345032,1.553110
110.345032,1.553110
110.345032,1.553110
110.345032,1.553110
110.345032,1.553110
110.345032,1.553110
110.345032,1.553110
110.345032,1.553110
110.345032,1.553110
110.345032,1.553110
110.345032,1.553110
110.345032,1.553110
110.345032,1.553110
110.345032,1.553110
110.345032,1.553110
110.345032,1.553110
110.345032,1.553110
110.345032,1.553110
110.345032,1.553110
110.345032,1.553110
110.345032,1.553110
110.345032,1.553110
110.345032,1.553110
110.345032,1.553110
110.345032,1.553110
110.345032,1.553110
110.345032,1.553110
110.345032,1.553110
110.345032,1.553110
110.345032,1.553110
110.345032,1.553110
110.345032,1.553110
110.345032,1.553110
110.345032,1.553110
110.345032,1.553110
110.345032,1.553110
110.345032,1.553110
110.345032,1.553110
110.345032,1.553110
110.345032,1.553110
110.345032,1.553110
110.345032,1.553110
110.345032,1.553110
110.345032,1.553110
110.345032,1.553110
110.345032,1.553110
110.345032,1.553110
110.345032,1.553110
110.345032,1.553110
110.345032,1.553110
110.345032,1.553110
110.345032,1.553110
110.345032,1.553110
110.345032,1.553110
110.345032,1.553110
110.345032,1.553110
110.345032,1.553110
110.345032,1.553110
110.345032,1.553110
110.345032,1.553110
110.345032,1.553110
110.345032,1.553110
110.345032,1.553110
110.345032,1.553110
110.345032,1.553110
110.345032,1.553110
110.345032,1.553110
110.345032,1.553110
110.345032,1.553110
110.345032,1.553110
110.345032,1.553110
110.345032,1.553110
110.345032,1.553110
110.345032,1.553110
110.345032,1.553110
110.345032,1.553110
110.345032,1.553110
110.345032,1.553110
110.345032,1.553110
110.345032,1.553110
110.345032,1.553110
110.345032,1.553110
110.345032,1.553110
110.345032,1.553110
110.345032,1.553110
110.345032,1.553110
110.345032,1.553110
110.345032,1.553110
110.345032,1.553110
110.345032,1.553110
110.345032,1.553110
110.345032,1.553110
110.345032,1.553110
110.345032,1.553110
110.345032,1.553110
110.345032,1.553110
110.345032,1.553110
110.345032,1.553110
110.345032,1.553110
110.345032,1.553110
110.345032,1.553110
110.345032,1.553110
110.345032,1.553110
110.345032,1.553110
110.345032,1.553110
110.345032,1.553110
110.345032,1.553110
110.345032,1.553110
110.345032,1.553110
110.345032,1.553110
110.345032,1.553110
110.345032,1.553110
110.345032,1.553110
110.345032,1.553110
110.345032,1.553110
110.345032,1.553110
110.345032,1.553110
110.345032,1.553110
110.345032,1.553110
110.345032,1.553110
110.345032,1.553110
110.345032,1.553110
110.345032,1.553110
110.345032,1.553110
110.345032,1.553110
110.345032,1.553110
110.345032,1.553110
110.345032,1.553110
110.345032,1.553110
110.345032,1.553110
110.345032,1.553110
110.345032,1.553110
110.345032,1.553110
110.345032,1.553110
110.345032,1.553110
110.345032,1.553110
110.345032,1.553110
110.345032,1.553110
110.345032,1.553110
110.345032,1.553110
110.345032,1.553110
110.345032,1.553110
110.345032,1.553110
110.345032,1.553110
110.345032,1.553110
110.345032,1.553110
110.345032,1.553110
110.345032,1.553110
110.345032,1.553110
110.345032,1.553110
110.345032,1.553110
110.345032,1.553110
110.345032,1.553110
110.345032,1.553110
110.345032,1.553110
110.345032,1.553110
110.345032,1.553110
110.345032,1.553110
110.345032,1.553110
110.345032,1.553110
110.345032,1.553110
110.345032,1.553110
110.345032,1.553110
110.345032,1.553110
110.345032,1.553110
110.345032,1.553110
110.345032,1.553110
110.345032,1.553110
110.345032,1.553110
110.345032,1.553110
110.345032,1.553110
110.345032,1.553110
110.345032,1.553110
110.345032,1.553110
110.345032,1.553110
110.345032,1.553110
110.345032,1.553110
110.345032,1.553110
110.345032,1.553110
110.345032,1.553110
110.345032,1.553110
110.345032,1.553110
110.345032,1.553110
110.345032,1.553110
110.345032,1.553110
110.345032,1.553110
110.345032,1.553110
110.345032,1.553110
110.345032,1.553110
110.345032,1.553110
110.345032,1.553110
110.345032,1.553110
110.345032,1.553110
110.345032,1.553110
110.345032,1.553110
110.345032,1.553110
110.345032,1.553110
110.345032,1.553110
110.345032,1.553110
110.345032,1.553110
110.345032,1.553110
110.345032,1.553110
110.345032,1.553110
110.345032,1.553110
110.345032,1.553110
110.345032,1.553110
110.345032,1.553110
110.345032,1.553110
110.345032,1.553110
110.345032,1.553110
110.345032,1.553110
110.345032,1.553110
110.345032,1.553110
110.345032,1.553110
110.345032,1.553110
110.345032,1.553110
110.345032,1.553110
110.345032,1.553110
110.345032,1.553110
110.345032,1.553110
110.345032,1.553110
110.345032,1.553110
110.345032,1.553110
110.345032,1.553110
110.345032,1.553110
110.345032,1.553110
110.345032,1.553110
110.345032,1.553110
110.345032,1.553110
110.345032,1.553110
110.345032,1.553110
110.345032,1.553110
110.345032,1.553110
110.345032,1.553110
110.345032,1.553110
110.345032,1.553110
110.345032,1.553110
110.345032,1.553110
110.345032,1.553110
110.345032,1.553110
110.345032,1.553110
110.345032,1.553110
110.345032,1.553110
110.345032,1.553110
110.345032,1.553110
110.345032,1.553110
110.345032,1.553110
110.345032,1.553110
110.345032,1.553110
110.345032,1.553110
110.345032,1.553110
110.345032,1.553110
110.345032,1.553110
110.345032,1.553110
110.345032,1.553110
110.345032,1.553110
110.345032,1.553110
110.345032,1.553110
110.345032,1.553110
110.345032,1.553110
110.345032,1.553110
110.345032,1.553110
110.345032,1.553110
110.345032,1.553110
110.345032,1.553110
110.345032,1.553110
110.345032,1.553110
110.345032,1.553110
110.345032,1.553110
110.345032,1.553110
110.345032,1.553110
110.345032,1.553110
110.345032,1.553110
110.345032,1.553110
110.345032,1.553110
110.345032,1.553110
110.345032,1.553110
110.345032,1.553110
110.345032,1.553110
110.345032,1.553110
110.345032,1.553110
110.345032,1.553110
110.345032,1.553110
110.345032,1.553110
110.345032,1.553110
110.345032,1.553110
110.345032,1.553110
110.345032,1.553110
110.345032,1.553110
110.345032,1.553110
110.345032,1.553110
110.345032,1.553110
110.345032,1.553110
110.345032,1.553110
110.345032,1.553110
110.345032,1.553110
110.345032,1.553110
110.345032,1.553110
110.345032,1.553110
110.345032,1.553110
110.345032,1.553110
110.345032,1.553110
110.345032,1.553110
110.345032,1.553110
110.345032,1.553110
110.345032,1.553110
110.345032,1.553110
110.345032,1.553110
110.345032,1.553110
110.345032,1.553110
110.345032,1.553110
110.345032,1.553110
110.345032,1.553110
110.345032,1.553110
110.345032,1.553110
110.345032,1.553110
110.345032,1.553110
110.345032,1.553110
110.345032,1.553110
110.345032,1.553110
110.345032,1.553110
110.345032,1.553110
110.345032,1.553110
110.345032,1.553110
110.345032,1.553110
110.345032,1.553110
110.345032,1.553110
110.345032,1.553110
110.345032,1.553110
110.345032,1.553110
110.345032,1.553110
110.345032,1.553110
110.345032,1.553110
110.345032,1.553110
110.345032,1.553110
110.345032,1.553110
110.345032,1.553110
110.345032,1.553110
110.345032,1.553110
110.345032,1.553110
110.345032,1.553110
110.345032,1.553110
110.345032,1.553110
110.345032,1.553110
110.345032,1.553110
110.345032,1.553110
110.345032,1.553110
110.345032,1.553110
110.345032,1.553110
110.345032,1.553110
110.345032,1.553110
110.345032,1.553110
110.345032,1.553110
110.345032,1.553110
110.345032,1.553110
110.345032,1.553110
110.345032,1.553110
110.345032,1.553110
110.345032,1.553110
110.345032,1.553110
110.345032,1.553110
110.345032,1.553110
110.345032,1.553110
110.345032,1.553110
110.345032,1.553110
110.345032,1.553110
110.345032,1.553110
110.345032,1.553110
110.345032,1.553110
110.345032,1.553110
110.345032,1.553110
110.345032,1.553110
110.345032,1.553110
110.345032,1.553110
110.345032,1.553110
110.345032,1.553110
110.345032,1.553110
110.345032,1.553110
110.345032,1.553110
110.345032,1.553110
110.345032,1.553110
110.345032,1.553110
110.345032,1.553110
110.345032,1.553110
110.345032,1.553110
110.345032,1.553110
110.345032,1.553110
110.345032,1.553110
110.345032,1.553110
110.345032,1.553110
110.345032,1.553110
110.345032,1.553110
110.345032,1.553110
110.345032,1.553110
110.345032,1.553110
110.345032,1.553110
110.345032,1.553110
110.345032,1.553110
110.345032,1.553110
110.345032,1.553110
110.345032,1.553110
110.345032,1.553110
110.345032,1.553110
110.345032,1.553110
110.345032,1.553110
110.345032,1.553110
110.345032,1.553110
110.345032,1.553110
110.345032,1.553110
110.345032,1.553110
110.345032,1.553110
110.345032,1.553110
110.345032,1.553110
110.345032,1.553110
110.345032,1.553110
110.345032,1.553110
110.345032,1.553110
110.345032,1.553110
110.345032,1.553110
110.345032,1.553110
110.345032,1.553110
110.345032,1.553110
110.345032,1.553110
110.345032,1.553110
110.345032,1.553110
110.345032,1.553110
110.345032,1.553110
110.345032,1.553110
110.345032,1.553110
110.345032,1.553110
110.345032,1.553110
110.345032,1.553110
110.345032,1.553110
110.345032,1.553110
110.345032,1.553110
110.345032,1.553110
110.345032,1.553110
110.345032,1.553110
110.345032,1.553110
110.345032,1.553110
110.345032,1.553110
110.345032,1.553110
110.345032,1.553110
110.345032,1.553110
110.345032,1.553110
110.345032,1.553110
110.345032,1.553110
110.345032,1.553110
110.345032,1.553110
110.345032,1.553110
110.345032,1.553110
110.345032,1.553110
110.345032,1.553110
110.345032,1.553110
110.345032,1.553110
110.345032,1.553110
110.345032,1.553110
110.345032,1.553110
110.345032,1.553110
110.345032,1.553110
110.345032,1.553110
110.345032,1.553110
110.345032,1.553110
110.345032,1.553110
110.345032,1.553110
110.345032,1.553110
110.345032,1.553110
110.345032,1.553110
110.345032,1.553110
110.345032,1.553110
110.345032,1.553110
110.345032,1.553110
110.345032,1.553110
110.345032,1.553110
110.345032,1.553110
110.345032,1.553110
110.345032,1.553110
110.345032,1.553110
110.345032,1.553110
110.345032,1.553110
110.345032,1.553110
110.345032,1.553110
110.345032,1.553110
110.345032,1.553110
110.345032,1.553110
110.345032,1.553110
110.345032,1.553110
110.345032,1.553110
110.345032,1.553110
110.345032,1.553110
110.345032,1.553110
110.345032,1.553110
110.345032,1.553110
110.345032,1.553110
110.345032,1.553110
110.345032,1.553110
110.345032,1.553110
110.345032,1.553110
110.345032,1.553110
110.345032,1.553110
110.345032,1.553110
110.345032,1.553110
110.345032,1.553110
110.345032,1.553110
110.345032,1.553110
110.345032,1.553110
110.345032,1.553110
110.345032,1.553110
110.345032,1.553110
110.345032,1.553110
110.345032,1.553110
110.345032,1.553110
110.345032,1.553110
110.345032,1.553110
110.345032,1.553110
110.345032,1.553110
110.345032,1.553110
110.345032,1.553110
110.345032,1.553110
110.345032,1.553110
110.345032,1.553110
110.345032,1.553110
110.345032,1.553110
110.345032,1.553110
110.345032,1.553110
110.345032,1.553110
110.345032,1.553110
110.345032,1.553110
110.345032,1.553110
110.345032,1.553110
110.345032,1.553110
110.345032,1.553110
110.345032,1.553110
110.345032,1.553110
110.345032,1.553110
110.345032,1.553110
110.345032,1.553110
110.345032,1.553110
110.345032,1.553110
110.345032,1.553110
110.345032,1.553110
110.345032,1.553110
110.345032,1.553110
110.345032,1.553110
110.345032,1.553110
110.345032,1.553110
110.345032,1.553110
110.345032,1.553110
110.345032,1.553110
110.345032,1.553110
110.345032,1.553110
110.345032,1.553110
110.345032,1.553110
110.345032,1.553110
110.345032,1.553110
110.345032,1.553110
110.345032,1.553110
110.345032,1.553110
110.345032,1.553110
110.345032,1.553110
110.345032,1.553110
110.345032,1.553110
110.345032,1.553110
110.345032,1.553110
110.345032,1.553110
110.345032,1.553110
110.345032,1.553110
110.345032,1.553110
110.345032,1.553110
110.345032,1.553110
110.345032,1.553110
110.345032,1.553110
110.345032,1.553110
110.345032,1.553110
110.345032,1.553110
110.345032,1.553110
110.345032,1.553110
110.345032,1.553110
110.345032,1.553110
110.345032,1.553110
110.345032,1.553110
110.345032,1.553110
110.345032,1.553110
110.345032,1.553110
110.345032,1.553110
110.345032,1.553110
110.345032,1.553110
110.345032,1.553110
110.345032,1.553110
110.345032,1.553110
110.345032,1.553110
110.345032,1.553110
110.345032,1.553110
110.345032,1.553110
110.345032,1.553110
110.345032,1.553110
110.345032,1.553110
110.345032,1.553110
110.345032,1.553110
110.345032,1.553110
110.345032,1.553110
110.345032,1.553110
110.345032,1.553110
110.345032,1.553110
110.345032,1.553110
110.345032,1.553110
110.345032,1.553110
110.345032,1.553110
110.345032,1.553110
110.345032,1.553110
110.345032,1.553110
110.345032,1.553110
110.345032,1.553110
110.345032,1.553110
110.345032,1.553110
110.345032,1.553110
110.345032,1.553110
110.345032,1.553110
110.345032,1.553110
110.345032,1.553110
110.345032,1.553110
110.345032,1.553110
110.345032,1.553110
110.345032,1.553110
110.345032,1.553110
110.345032,1.553110
110.345032,1.553110
110.345032,1.553110
110.345032,1.553110
110.345032,1.553110
110.345032,1.553110
110.345032,1.553110
110.345032,1.553110
110.345032,1.553110
110.345032,1.553110
110.345032,1.553110
110.345032,1.553110
110.345032,1.553110
110.345032,1.553110
110.345032,1.553110
110.345032,1.553110
110.345032,1.553110
110.345032,1.553110
110.345032,1.553110
110.345032,1.553110
110.345032,1.553110
110.345032,1.553110
110.345032,1.553110
110.345032,1.553110
110.345032,1.553110
110.345032,1.553110
110.345032,1.553110
110.345032,1.553110
110.345032,1.553110
110.345032,1.553110
110.345032,1.553110
110.345032,1.553110
110.345032,1.553110
110.345032,1.553110
110.345032,1.553110
110.345032,1.553110
110.345032,1.553110
110.345032,1.553110
110.345032,1.553110
110.345032,1.553110
110.345032,1.553110
110.345032,1.553110
110.345032,1.553110
110.345032,1.553110
110.345032,1.553110
110.345032,1.553110
110.345032,1.553110
110.345032,1.553110
110.345032,1.553110
110.345032,1.553110
110.345032,1.553110
110.345032,1.553110
110.345032,1.553110
110.345032,1.553110
110.345032,1.553110
110.345032,1.553110
110.345032,1.553110
110.345032,1.553110
110.345032,1.553110
110.345032,1.553110
110.345032,1.553110
110.345032,1.553110
110.345032,1.553110
110.345032,1.553110
110.345032,1.553110
110.345032,1.553110
110.345032,1.553110
110.345032,1.553110
110.345032,1.553110
110.345032,1.553110
110.345032,1.553110
110.345032,1.553110
110.345032,1.553110
110.345032,1.553110
110.345032,1.553110
110.345032,1.553110
110.345032,1.553110
110.345032,1.553110
110.345032,1.553110
110.345032,1.553110
110.345032,1.553110
110.345032,1.553110
110.345032,1.553110
110.345032,1.553110
110.345032,1.553110
110.345032,1.553110
110.345032,1.553110
110.345032,1.553110
110.345032,1.553110
110.345032,1.553110
110.345032,1.553110
110.345032,1.553110
110.345032,1.553110
110.345032,1.553110
110.345032,1.553110
110.345032,1.553110
110.345032,1.553110
110.345032,1.553110
110.345032,1.553110
110.345032,1.553110
110.345032,1.553110
110.345032,1.553110
110.345032,1.553110
110.345032,1.553110
110.345032,1.553110
110.345032,1.553110
110.345032,1.553110
110.345032,1.553110
110.345032,1.553110
110.345032,1.553110
110.345032,1.553110
110.345032,1.553110
110.345032,1.553110
110.345032,1.553110
110.345032,1.553110
110.345032,1.553110
110.345032,1.553110
110.345032,1.553110
110.345032,1.553110
110.345032,1.553110
110.345032,1.553110
110.345032,1.553110
110.345032,1.553110
110.345032,1.553110
110.345032,1.553110
110.345032,1.553110
110.345032,1.553110
110.345032,1.553110
110.345032,1.553110
110.345032,1.553110
110.345032,1.553110
110.345032,1.553110
110.345032,1.553110
110.345032,1.553110
110.345032,1.553110
110.345032,1.553110
110.345032,1.553110
110.345032,1.553110
110.345032,1.553110
110.345032,1.553110
110.345032,1.553110
110.345032,1.553110
110.345032,1.553110
110.345032,1.553110
110.345032,1.553110
110.345032,1.553110
110.345032,1.553110
110.345032,1.553110
110.345032,1.553110
110.345032,1.553110
110.345032,1.553110
110.345032,1.553110
110.345032,1.553110
110.345032,1.553110
110.345032,1.553110
110.345032,1.553110
110.345032,1.553110
110.345032,1.553110
110.345032,1.553110
110.345032,1.553110
110.345032,1.553110
110.345032,1.553110
110.345032,1.553110
110.345032,1.553110
110.345032,1.553110
110.345032,1.553110
110.345032,1.553110
110.345032,1.553110
110.345032,1.553110
110.345032,1.553110
110.345032,1.553110
110.345032,1.553110
110.345032,1.553110
110.345032,1.553110
110.345032,1.553110
110.345032,1.553110
110.345032,1.553110
110.345032,1.553110
110.345032,1.553110
110.345032,1.553110
110.345032,1.553110
110.345032,1.553110
110.345032,1.553110
110.345032,1.553110
110.345032,1.553110
110.345032,1.553110
110.345032,1.553110
110.345032,1.553110
110.345032,1.553110
110.345032,1.553110
110.345032,1.553110
110.345032,1.553110
110.345032,1.553110
110.345032,1.553110
110.345032,1.553110
110.345032,1.553110
110.345032,1.553110
110.345032,1.553110
110.345032,1.553110
110.345032,1.553110
110.345032,1.553110
110.345032,1.553110
110.345032,1.553110
110.345032,1.553110
110.345032,1.553110
110.345032,1.553110
110.345032,1.553110
110.345032,1.553110
110.345032,1.553110
110.345032,1.553110
110.345032,1.553110
110.345032,1.553110
110.345032,1.553110
110.345032,1.553110
110.345032,1.553110
110.345032,1.553110
110.345032,1.553110
110.345032,1.553110
110.345032,1.553110
110.345032,1.553110
110.345032,1.553110
110.345032,1.553110
110.345032,1.553110
110.345032,1.553110
110.345032,1.553110
110.345032,1.553110
110.345032,1.553110
110.345032,1.553110
110.345032,1.553110
110.345032,1.553110
110.345032,1.553110
110.345032,1.553110
110.345032,1.553110
110.345032,1.553110
110.345032,1.553110
110.345032,1.553110
110.345032,1.553110
110.345032,1.553110
110.345032,1.553110
110.345032,1.553110
110.345032,1.553110
110.345032,1.553110
110.345032,1.553110
110.345032,1.553110
110.345032,1.553110
110.345032,1.553110
110.345032,1.553110
110.345032,1.553110
110.345032,1.553110
110.345032,1.553110
110.345032,1.553110
110.345032,1.553110
110.345032,1.553110
110.345032,1.553110
110.345032,1.553110
110.345032,1.553110
110.345032,1.553110
110.345032,1.553110
110.345032,1.553110
110.345032,1.553110
110.345032,1.553110
110.345032,1.553110
110.345032,1.553110
110.345032,1.553110
110.345032,1.553110
110.345032,1.553110
110.345032,1.553110
110.345032,1.553110
110.345032,1.553110
110.345032,1.553110
110.345032,1.553110
110.345032,1.553110
110.345032,1.553110
110.345032,1.553110
110.345032,1.553110
110.345032,1.553110
110.345032,1.553110
110.345032,1.553110
110.345032,1.553110
110.345032,1.553110
110.345032,1.553110
110.345032,1.553110
110.345032,1.553110
110.345032,1.553110
110.345032,1.553110
110.345032,1.553110
110.345032,1.553110
110.345032,1.553110
110.345032,1.553110
110.345032,1.553110
110.345032,1.553110
110.345032,1.553110
110.345032,1.553110
110.345032,1.553110
110.345032,1.553110
110.345032,1.553110
110.345032,1.553110
110.345032,1.553110
110.345032,1.553110
110.345032,1.553110
110.345032,1.553110
110.345032,1.553110
110.345032,1.553110
110.345032,1.553110
110.345032,1.553110
110.345032,1.553110
110.345032,1.553110
110.345032,1.553110
110.345032,1.553110
110.345032,1.553110
110.345032,1.553110
110.345032,1.553110
110.345032,1.553110
110.345032,1.553110
110.345032,1.553110
110.345032,1.553110
110.345032,1.553110
110.345032,1.553110
110.345032,1.553110
110.345032,1.553110
110.345032,1.553110
110.345032,1.553110
110.345032,1.553110
110.345032,1.553110
110.345032,1.553110
110.345032,1.553110
110.345032,1.553110
110.345032,1.553110
110.345032,1.553110
110.345032,1.553110
110.345032,1.553110
110.345032,1.553110
110.345032,1.553110
110.345032,1.553110
110.345032,1.553110
110.345032,1.553110
110.345032,1.553110
110.345032,1.553110
110.345032,1.553110
110.345032,1.553110
110.345032,1.553110
110.345032,1.553110
110.345032,1.553110
110.345032,1.553110
110.345032,1.553110
110.345032,1.553110
110.345032,1.553110
110.345032,1.553110
110.345032,1.553110
110.345032,1.553110
110.345032,1.553110
110.345032,1.553110
110.345032,1.553110
110.345032,1.553110
110.345032,1.553110
110.345032,1.553110
110.345032,1.553110
110.345032,1.553110
110.345032,1.553110
110.345032,1.553110
110.345032,1.553110
110.345032,1.553110
110.345032,1.553110
110.345032,1.553110
110.345032,1.553110
110.345032,1.553110
110.345032,1.553110
110.345032,1.553110
110.345032,1.553110
110.345032,1.553110
110.345032,1.553110
110.345032,1.553110
110.345032,1.553110
110.345032,1.553110
110.345032,1.553110
110.345032,1.553110
110.345032,1.553110
110.345032,1.553110
110.345032,1.553110
110.345032,1.553110
110.345032,1.553110
110.345032,1.553110
110.345032,1.553110
110.345032,1.553110
110.345032,1.553110
110.345032,1.553110
110.345032,1.553110
110.345032,1.553110
110.345032,1.553110
110.345032,1.553110
110.345032,1.553110
110.345032,1.553110
110.345032,1.553110
110.345032,1.553110
110.345032,1.553110
110.345032,1.553110
110.345032,1.553110
110.345032,1.553110
110.345032,1.553110
110.345032,1.553110
110.345032,1.553110
110.345032,1.553110
110.345032,1.553110
110.345032,1.553110
110.345032,1.553110
110.345032,1.553110
110.345032,1.553110
110.345032,1.553110
110.345032,1.553110
110.345032,1.553110
110.345032,1.553110
110.345032,1.553110
110.345032,1.553110
110.345032,1.553110
110.345032,1.553110
110.345032,1.553110
110.345032,1.553110
110.345032,1.553110
110.345032,1.553110
110.345032,1.553110
110.345032,1.553110
110.345032,1.553110
110.345032,1.553110
110.345032,1.553110
110.345032,1.553110
110.345032,1.553110
110.345032,1.553110
110.345032,1.553110
110.345032,1.553110
110.345032,1.553110
110.345032,1.553110
110.345032,1.553110
110.345032,1.553110
110.345032,1.553110
110.345032,1.553110
110.345032,1.553110
110.345032,1.553110
110.345032,1.553110
110.345032,1.553110
110.345032,1.553110
110.345032,1.553110
110.345032,1.553110
110.345032,1.553110
110.345032,1.553110
110.345032,1.553110
110.345032,1.553110
110.345032,1.553110
110.345032,1.553110
110.345032,1.553110
110.345032,1.553110
110.345032,1.553110
110.345032,1.553110
110.345032,1.553110
110.345032,1.553110
110.345032,1.553110
110.345032,1.553110
110.345032,1.553110
110.345032,1.553110
110.345032,1.553110
110.345032,1.553110
110.345032,1.553110
110.345032,1.553110
110.345032,1.553110
110.345032,1.553110
110.345032,1.553110
110.345032,1.553110
110.345032,1.553110
110.345032,1.553110
110.345032,1.553110
110.345032,1.553110
110.345032,1.553110
110.345032,1.553110
110.345032,1.553110
110.345032,1.553110
110.345032,1.553110
110.345032,1.553110
110.345032,1.553110
110.345032,1.553110
110.345032,1.553110
110.345032,1.553110
110.345032,1.553110
110.345032,1.553110
110.345032,1.553110
110.345032,1.553110
110.345032,1.553110
110.345032,1.553110
110.345032,1.553110
110.345032,1.553110
110.345032,1.553110
110.345032,1.553110
110.345032,1.553110
110.345032,1.553110
110.345032,1.553110
110.345032,1.553110
110.345032,1.553110
110.345032,1.553110
110.345032,1.553110
110.345032,1.553110
110.345032,1.553110
110.345032,1.553110
110.345032,1.553110
110.345032,1.553110
110.345032,1.553110
110.345032,1.553110
110.345032,1.553110
110.345032,1.553110
110.345032,1.553110
110.345032,1.553110
110.345032,1.553110
110.345032,1.553110
110.345032,1.553110
110.345032,1.553110
110.345032,1.553110
110.345032,1.553110
110.345032,1.553110
110.345032,1.553110
110.345032,1.553110
110.345032,1.553110
110.345032,1.553110
110.345032,1.553110
110.345032,1.553110
110.345032,1.553110
110.345032,1.553110
110.345032,1.553110
110.345032,1.553110
110.345032,1.553110
110.345032,1.553110
110.345032,1.553110
110.345032,1.553110
110.345032,1.553110
110.345032,1.553110
110.345032,1.553110
110.345032,1.553110
110.345032,1.553110
110.345032,1.553110
110.345032,1.553110
110.345032,1.553110
110.345032,1.553110
110.345032,1.553110
110.345032,1.553110
110.345032,1.553110
110.345032,1.553110
110.345032,1.553110
110.345032,1.553110
110.345032,1.553110
110.345032,1.553110
110.345032,1.553110
110.345032,1.553110
110.345032,1.553110
110.345032,1.553110
110.345032,1.553110
110.345032,1.553110
110.345032,1.553110
110.345032,1.553110
110.345032,1.553110
110.345032,1.553110
110.345032,1.553110
110.345032,1.553110
110.345032,1.553110
110.345032,1.553110
110.345032,1.553110
110.345032,1.553110
110.345032,1.553110
110.345032,1.553110
110.345032,1.553110
110.345032,1.553110
110.345032,1.553110
110.345032,1.553110
110.345032,1.553110
110.345032,1.553110
110.345032,1.553110
110.345032,1.553110
110.345032,1.553110
110.345032,1.553110
110.345032,1.553110
110.345032,1.553110
110.345032,1.553110
110.345032,1.553110
110.345032,1.553110
110.345032,1.553110
110.345032,1.553110
110.345032,1.553110
110.345032,1.553110
110.345032,1.553110
110.345032,1.553110
110.345032,1.553110
110.345032,1.553110
110.345032,1.553110
110.345032,1.553110
110.345032,1.553110
110.345032,1.553110
110.345032,1.553110
110.345032,1.553110
110.345032,1.553110
110.345032,1.553110
110.345032,1.553110
110.345032,1.553110
110.345032,1.553110
110.345032,1.553110
110.345032,1.553110
110.345032,1.553110
110.345032,1.553110
110.345032,1.553110
110.345032,1.553110
110.345032,1.553110
110.345032,1.553110
110.345032,1.553110
110.345032,1.553110
110.345032,1.553110
110.345032,1.553110
110.345032,1.553110
110.345032,1.553110
110.345032,1.553110
110.345032,1.553110
110.345032,1.553110
110.345032,1.553110
110.345032,1.553110
110.345032,1.553110
110.345032,1.553110
110.345032,1.553110
110.345032,1.553110
110.345032,1.553110
110.345032,1.553110
110.345032,1.553110
110.345032,1.553110
110.345032,1.553110
110.345032,1.553110
110.345032,1.553110
110.345032,1.553110
110.345032,1.553110
110.345032,1.553110
110.345032,1.553110
110.345032,1.553110
110.345032,1.553110
110.345032,1.553110
110.345032,1.553110
110.345032,1.553110
110.345032,1.553110
110.345032,1.553110
110.345032,1.553110
110.345032,1.553110
110.345032,1.553110
110.345032,1.553110
110.345032,1.553110
110.345032,1.553110
110.345032,1.553110
110.345032,1.553110
110.345032,1.553110
110.345032,1.553110
110.345032,1.553110
110.345032,1.553110
110.345032,1.553110
110.345032,1.553110
110.345032,1.553110
110.345032,1.553110
110.345032,1.553110
110.345032,1.553110
110.345032,1.553110
110.345032,1.553110
110.345032,1.553110
110.345032,1.553110
110.345032,1.553110
110.345032,1.553110
110.345032,1.553110
110.345032,1.553110
110.345032,1.553110
110.345032,1.553110
110.345032,1.553110
110.345032,1.553110
110.345032,1.553110
110.345032,1.553110
110.345032,1.553110
110.345032,1.553110
110.345032,1.553110
110.345032,1.553110
110.345032,1.553110
110.345032,1.553110
110.345032,1.553110
110.345032,1.553110
110.345032,1.553110
110.345032,1.553110
110.345032,1.553110
110.345032,1.553110
110.345032,1.553110
110.345032,1.553110
110.345032,1.553110
110.345032,1.553110
110.345032,1.553110
110.345032,1.553110
110.345032,1.553110
110.345032,1.553110
110.345032,1.553110
110.345032,1.553110
110.345032,1.553110
110.345032,1.553110
110.345032,1.553110
110.345032,1.553110
110.345032,1.553110
110.345032,1.553110
110.345032,1.553110
110.345032,1.553110
110.345032,1.553110
110.345032,1.553110
110.345032,1.553110
110.345032,1.553110
110.345032,1.553110
110.345032,1.553110
110.345032,1.553110
110.345032,1.553110
110.345032,1.553110
110.345032,1.553110
110.345032,1.553110
110.345032,1.553110
110.345032,1.553110
110.345032,1.553110
110.345032,1.553110
110.345032,1.553110
110.345032,1.553110
110.345032,1.553110
110.345032,1.553110
110.345032,1.553110
110.345032,1.553110
110.345032,1.553110
110.345032,1.553110
110.345032,1.553110
110.345032,1.553110
110.345032,1.553110
110.345032,1.553110
110.345032,1.553110
110.345032,1.553110
110.345032,1.553110
110.345032,1.553110
110.345032,1.553110
110.345032,1.553110
110.345032,1.553110
110.345032,1.553110
110.345032,1.553110
110.345032,1.553110
110.345032,1.553110
110.345032,1.553110
110.345032,1.553110
110.345032,1.553110
110.345032,1.553110
110.345032,1.553110
110.345032,1.553110
110.345032,1.553110
110.345032,1.553110
110.345032,1.553110
110.345032,1.553110
110.345032,1.553110
110.345032,1.553110
110.345032,1.553110
110.345032,1.553110
110.345032,1.553110
110.345032,1.553110
110.345032,1.553110
110.345032,1.553110
110.345032,1.553110
110.345032,1.553110
110.345032,1.553110
110.345032,1.553110
110.345032,1.553110
110.345032,1.553110
110.345032,1.553110
110.345032,1.553110
110.345032,1.553110
110.345032,1.553110
110.345032,1.553110
110.345032,1.553110
110.345032,1.553110
110.345032,1.553110
110.345032,1.553110
110.345032,1.553110
110.345032,1.553110
110.345032,1.553110
110.345032,1.553110
110.345032,1.553110
110.345032,1.553110
110.345032,1.553110
110.345032,1.553110
110.345032,1.553110
110.345032,1.553110
110.345032,1.553110
110.345032,1.553110
110.345032,1.553110
110.345032,1.553110
110.345032,1.553110
110.345032,1.553110
110.345032,1.553110
110.345032,1.553110
110.345032,1.553110
110.345032,1.553110
110.345032,1.553110
110.345032,1.553110
110.345032,1.553110
110.345032,1.553110
110.345032,1.553110
110.345032,1.553110
110.345032,1.553110
110.345032,1.553110
110.345032,1.553110
110.345032,1.553110
110.345032,1.553110
110.345032,1.553110
110.345032,1.553110
110.345032,1.553110
110.345032,1.553110
110.345032,1.553110
110.345032,1.553110
110.345032,1.553110
110.345032,1.553110
110.345032,1.553110
110.345032,1.553110
110.345032,1.553110
110.345032,1.553110
110.345032,1.553110
110.345032,1.553110
110.345032,1.553110
110.345032,1.553110
110.345032,1.553110
110.345032,1.553110
110.345032,1.553110
110.345032,1.553110
110.345032,1.553110
110.345032,1.553110
110.345032,1.553110
110.345032,1.553110
110.345032,1.553110
110.345032,1.553110
110.345032,1.553110
110.345032,1.553110
110.345032,1.553110
110.345032,1.553110
110.345032,1.553110
110.345032,1.553110
110.345032,1.553110
110.345032,1.553110
110.345032,1.553110
110.345032,1.553110
110.345032,1.553110
110.345032,1.553110
110.345032,1.553110
110.345032,1.553110
110.345032,1.553110
110.345032,1.553110
110.345032,1.553110
110.345032,1.553110
110.345032,1.553110
110.345032,1.553110
110.345032,1.553110
110.345032,1.553110
110.345032,1.553110
110.345032,1.553110
110.345032,1.553110
110.345032,1.553110
110.345032,1.553110
110.345032,1.553110
110.345032,1.553110
110.345032,1.553110
110.345032,1.553110
110.345032,1.553110
110.345032,1.553110
110.345032,1.553110
110.345032,1.553110
110.345032,1.553110
110.345032,1.553110
110.345032,1.553110
110.345032,1.553110
110.345032,1.553110
110.345032,1.553110
110.345032,1.553110
110.345032,1.553110
110.345032,1.553110
110.345032,1.553110
110.345032,1.553110
110.345032,1.553110
110.345032,1.553110
110.345032,1.553110
110.345032,1.553110
110.345032,1.553110
110.345032,1.553110
110.345032,1.553110
110.345032,1.553110
110.345032,1.553110
110.345032,1.553110
110.345032,1.553110
110.345032,1.553110
110.345032,1.553110
110.345032,1.553110
110.345032,1.553110
110.345032,1.553110
110.345032,1.553110
110.345032,1.553110
110.345032,1.553110
110.345032,1.553110
110.345032,1.553110
110.345032,1.553110
110.345032,1.553110
110.345032,1.553110
110.345032,1.553110
110.345032,1.553110
110.345032,1.553110
110.345032,1.553110
110.345032,1.553110
110.345032,1.553110
110.345032,1.553110
110.345032,1.553110
110.345032,1.553110
110.345032,1.553110
110.345032,1.553110
110.345032,1.553110
110.345032,1.553110
110.345032,1.553110
110.345032,1.553110
110.345032,1.553110
110.345032,1.553110
110.345032,1.553110
110.345032,1.553110
110.345032,1.553110
110.345032,1.553110
110.345032,1.553110
110.345032,1.553110
110.345032,1.553110
110.345032,1.553110
110.345032,1.553110
110.345032,1.553110
110.345032,1.553110
110.345032,1.553110
110.345032,1.553110
110.345032,1.553110
110.345032,1.553110
110.345032,1.553110
110.345032,1.553110
110.345032,1.553110
110.345032,1.553110
110.345032,1.553110
110.345032,1.553110
110.345032,1.553110
110.345032,1.553110
110.345032,1.553110
110.345032,1.553110
110.345032,1.553110
110.345032,1.553110
110.345032,1.553110
110.345032,1.553110
110.345032,1.553110
110.345032,1.553110
110.345032,1.553110
110.345032,1.553110
110.345032,1.553110
110.345032,1.553110
110.345032,1.553110
110.345032,1.553110
110.345032,1.553110
110.345032,1.553110
110.345032,1.553110
110.345032,1.553110
110.345032,1.553110
110.345032,1.553110
110.345032,1.553110
110.345032,1.553110
110.345032,1.553110
110.345032,1.553110
110.345032,1.553110
110.345032,1.553110
110.345032,1.553110
110.345032,1.553110
110.345032,1.553110
110.345032,1.553110
110.345032,1.553110
110.345032,1.553110
110.345032,1.553110
110.345032,1.553110
110.345032,1.553110
110.345032,1.553110
110.345032,1.553110
110.345032,1.553110
110.345032,1.553110
110.345032,1.553110
110.345032,1.553110
110.345032,1.553110
110.345032,1.553110
110.345032,1.553110
110.345032,1.553110
110.345032,1.553110
110.345032,1.553110
110.345032,1.553110
110.345032,1.553110
110.345032,1.553110
110.345032,1.553110
110.345032,1.553110
110.345032,1.553110
110.345032,1.553110
110.345032,1.553110
110.345032,1.553110
110.345032,1.553110
110.345032,1.553110
110.345032,1.553110
110.345032,1.553110
110.345032,1.553110
110.345032,1.553110
110.345032,1.553110
110.345032,1.553110
110.345032,1.553110
110.345032,1.553110
110.345032,1.553110
110.345032,1.553110
110.345032,1.553110
110.345032,1.553110
110.345032,1.553110
110.345032,1.553110
110.345032,1.553110
110.345032,1.553110
110.345032,1.553110
110.345032,1.553110
110.345032,1.553110
110.345032,1.553110
110.345032,1.553110
110.345032,1.553110
110.345032,1.553110
110.345032,1.553110
110.345032,1.553110
110.345032,1.553110
110.345032,1.553110
110.345032,1.553110
110.345032,1.553110
110.345032,1.553110
110.345032,1.553110
110.345032,1.553110
110.345032,1.553110
110.345032,1.553110
110.345032,1.553110
110.345032,1.553110
110.345032,1.553110
110.345032,1.553110
110.345032,1.553110
110.345032,1.553110
110.345032,1.553110
110.345032,1.553110
110.345032,1.553110
110.345032,1.553110
110.345032,1.553110
110.345032,1.553110
110.345032,1.553110
110.345032,1.553110
110.345032,1.553110
110.345032,1.553110
110.345032,1.553110
110.345032,1.553110
110.345032,1.553110
110.345032,1.553110
110.345032,1.553110
110.345032,1.553110
110.345032,1.553110
110.345032,1.553110
110.345032,1.553110
110.345032,1.553110
110.345032,1.553110
110.345032,1.553110
110.345032,1.553110
110.345032,1.553110
110.345032,1.553110
110.345032,1.553110
110.345032,1.553110
110.345032,1.553110
110.345032,1.553110
110.345032,1.553110
110.345032,1.553110
110.345032,1.553110
110.345032,1.553110
110.345032,1.553110
110.345032,1.553110
110.345032,1.553110
110.345032,1.553110
110.345032,1.553110
110.345032,1.553110
110.345032,1.553110
110.345032,1.553110
110.345032,1.553110
110.345032,1.553110
110.345032,1.553110
110.345032,1.553110
110.345032,1.553110
110.345032,1.553110
110.345032,1.553110
110.345032,1.553110
110.345032,1.553110
110.345032,1.553110
110.345032,1.553110
110.345032,1.553110
110.345032,1.553110
110.345032,1.553110
110.345032,1.553110
110.345032,1.553110
110.345032,1.553110
110.345032,1.553110
110.345032,1.553110
110.345032,1.553110
110.345032,1.553110
110.345032,1.553110
110.345032,1.553110
110.345032,1.553110
110.345032,1.553110
110.345032,1.553110
110.345032,1.553110
110.345032,1.553110
110.345032,1.553110
110.345032,1.553110
110.345032,1.553110
110.345032,1.553110
110.345032,1.553110
110.345032,1.553110
110.345032,1.553110
110.345032,1.553110
110.345032,1.553110
110.345032,1.553110
110.345032,1.553110
110.345032,1.553110
110.345032,1.553110
110.345032,1.553110
110.345032,1.553110
110.345032,1.553110
110.345032,1.553110
110.345032,1.553110
110.345032,1.553110
110.345032,1.553110
110.345032,1.553110
110.345032,1.553110
110.345032,1.553110
110.345032,1.553110
110.345032,1.553110
110.345032,1.553110
110.345032,1.553110
110.345032,1.553110
110.345032,1.553110
110.345032,1.553110
110.345032,1.553110
110.345032,1.553110
110.345032,1.553110
110.345032,1.553110
110.345032,1.553110
110.345032,1.553110
110.345032,1.553110
110.345032,1.553110
110.345032,1.553110
110.345032,1.553110
110.345032,1.553110
110.345032,1.553110
110.345032,1.553110
110.345032,1.553110
110.345032,1.553110
110.345032,1.553110
110.345032,1.553110
110.345032,1.553110
110.345032,1.553110
110.345032,1.553110
110.345032,1.553110
110.345032,1.553110
110.345032,1.553110
110.345032,1.553110
110.345032,1.553110
110.345032,1.553110
110.345032,1.553110
110.345032,1.553110
110.345032,1.553110
110.345032,1.553110
110.345032,1.553110
110.345032,1.553110
110.345032,1.553110
110.345032,1.553110
110.345032,1.553110
110.345032,1.553110
110.345032,1.553110
110.345032,1.553110
110.345032,1.553110
110.345032,1.553110
110.345032,1.553110
110.345032,1.553110
110.345032,1.553110
110.345032,1.553110
110.345032,1.553110
110.345032,1.553110
110.345032,1.553110
110.345032,1.553110
110.345032,1.553110
110.345032,1.553110
110.345032,1.553110
110.345032,1.553110
110.345032,1.553110
110.345032,1.553110
110.345032,1.553110
110.345032,1.553110
110.345032,1.553110
110.345032,1.553110
110.345032,1.553110
110.345032,1.553110
110.345032,1.553110
110.345032,1.553110
110.345032,1.553110
110.345032,1.553110
110.345032,1.553110
110.345032,1.553110
110.345032,1.553110
110.345032,1.553110
110.345032,1.553110
110.345032,1.553110
110.345032,1.553110
110.345032,1.553110
110.345032,1.553110
110.345032,1.553110
110.345032,1.553110
110.345032,1.553110
110.345032,1.553110
110.345032,1.553110
110.345032,1.553110
110.345032,1.553110
110.345032,1.553110
110.345032,1.553110
110.345032,1.553110
110.345032,1.553110
110.345032,1.553110
110.345032,1.553110
110.345032,1.553110
110.345032,1.553110
110.345032,1.553110
110.345032,1.553110
110.345032,1.553110
110.345032,1.553110
110.345032,1.553110
110.345032,1.553110
110.345032,1.553110
110.345032,1.553110
110.345032,1.553110
110.345032,1.553110
110.345032,1.553110
110.345032,1.553110
110.345032,1.553110
110.345032,1.553110
110.345032,1.553110
110.345032,1.553110
110.345032,1.553110
110.345032,1.553110
110.345032,1.553110
110.345032,1.553110
110.345032,1.553110
110.345032,1.553110
110.345032,1.553110
110.345032,1.553110
110.345032,1.553110
110.345032,1.553110
110.345032,1.553110
110.345032,1.553110
110.345032,1.553110
110.345032,1.553110
110.345032,1.553110
110.345032,1.553110
110.345032,1.553110
110.345032,1.553110
110.345032,1.553110
110.345032,1.553110
110.345032,1.553110
110.345032,1.553110
110.345032,1.553110
110.345032,1.553110
110.345032,1.553110
110.345032,1.553110
110.345032,1.553110
110.345032,1.553110
110.345032,1.553110
110.345032,1.553110
110.345032,1.553110
110.345032,1.553110
110.345032,1.553110
110.345032,1.553110
110.345032,1.553110
110.345032,1.553110
110.345032,1.553110
110.345032,1.553110
110.345032,1.553110
110.345032,1.553110
110.345032,1.553110
110.345032,1.553110
110.345032,1.553110
110.345032,1.553110
110.345032,1.553110
110.345032,1.553110
110.345032,1.553110
110.345032,1.553110
110.345032,1.553110
110.345032,1.553110
110.345032,1.553110
110.345032,1.553110
110.345032,1.553110
110.345032,1.553110
110.345032,1.553110
110.345032,1.553110
110.345032,1.553110
110.345032,1.553110
110.345032,1.553110
110.345032,1.553110
110.345032,1.553110
110.345032,1.553110
110.345032,1.553110
110.345032,1.553110
110.345032,1.553110
110.345032,1.553110
110.345032,1.553110
110.345032,1.553110
110.345032,1.553110
110.345032,1.553110
110.345032,1.553110
110.345032,1.553110
110.345032,1.553110
110.345032,1.553110
110.345032,1.553110
110.345032,1.553110
110.345032,1.553110
110.345032,1.553110
110.345032,1.553110
110.345032,1.553110
110.345032,1.553110
110.345032,1.553110
110.345032,1.553110
110.345032,1.553110
110.345032,1.553110
110.345032,1.553110
110.345032,1.553110
110.345032,1.553110
110.345032,1.553110
110.345032,1.553110
110.345032,1.553110
110.345032,1.553110
110.345032,1.553110
110.345032,1.553110
110.345032,1.553110
110.345032,1.553110
110.345032,1.553110
110.345032,1.553110
110.345032,1.553110
110.345032,1.553110
110.345032,1.553110
110.345032,1.553110
110.345032,1.553110
110.345032,1.553110
110.345032,1.553110
110.345032,1.553110
110.345032,1.553110
110.345032,1.553110
110.345032,1.553110
110.345032,1.553110
110.345032,1.553110
110.345032,1.553110
110.345032,1.553110
110.345032,1.553110
110.345032,1.553110
110.345032,1.553110
110.345032,1.553110
110.345032,1.553110
110.345032,1.553110
110.345032,1.553110
110.345032,1.553110
110.345032,1.553110
110.345032,1.553110
110.345032,1.553110
110.345032,1.553110
110.345032,1.553110
110.345032,1.553110
110.345032,1.553110
110.345032,1.553110
110.345032,1.553110
110.345032,1.553110
110.345032,1.553110
110.345032,1.553110
110.345032,1.553110
110.345032,1.553110
110.345032,1.553110
110.345032,1.553110
110.345032,1.553110
110.345032,1.553110
110.345032,1.553110
110.345032,1.553110
110.345032,1.553110
110.345032,1.553110
110.345032,1.553110
110.345032,1.553110
110.345032,1.553110
110.345032,1.553110
110.345032,1.553110
110.345032,1.553110
110.345032,1.553110
110.345032,1.553110
110.345032,1.553110
110.345032,1.553110
110.345032,1.553110
110.345032,1.553110
110.345032,1.553110
110.345032,1.553110
110.345032,1.553110
110.345032,1.553110
110.345032,1.553110
110.345032,1.553110
110.345032,1.553110
110.345032,1.553110
110.345032,1.553110
110.345032,1.553110
110.345032,1.553110
110.345032,1.553110
110.345032,1.553110
110.345032,1.553110
110.345032,1.553110
110.345032,1.553110
110.345032,1.553110
110.345032,1.553110
110.345032,1.553110
110.345032,1.553110
110.345032,1.553110
110.345032,1.553110
110.345032,1.553110
110.345032,1.553110
110.345032,1.553110
110.345032,1.553110
110.345032,1.553110
110.345032,1.553110
110.345032,1.553110
110.345032,1.553110
110.345032,1.553110
110.345032,1.553110
110.345032,1.553110
110.345032,1.553110
110.345032,1.553110
110.345032,1.553110
110.345032,1.553110
110.345032,1.553110
110.345032,1.553110
110.345032,1.553110
110.345032,1.553110
110.345032,1.553110
110.345032,1.553110
110.345032,1.553110
110.345032,1.553110
110.345032,1.553110
110.345032,1.553110
110.345032,1.553110
110.345032,1.553110
110.345032,1.553110
110.345032,1.553110
110.345032,1.553110
110.345032,1.553110
110.345032,1.553110
110.345032,1.553110
110.345032,1.553110
110.345032,1.553110
110.345032,1.553110
110.345032,1.553110
110.345032,1.553110
110.345032,1.553110
110.345032,1.553110
110.345032,1.553110
110.345032,1.553110
110.345032,1.553110
110.345032,1.553110
110.345032,1.553110
110.345032,1.553110
110.345032,1.553110
110.345032,1.553110
110.345032,1.553110
110.345032,1.553110
110.345032,1.553110
110.345032,1.553110
110.345032,1.553110
110.345032,1.553110
110.345032,1.553110
110.345032,1.553110
110.345032,1.553110
110.345032,1.553110
110.345032,1.553110
110.345032,1.553110
110.345032,1.553110
110.345032,1.553110
110.345032,1.553110
110.345032,1.553110
110.345032,1.553110
110.345032,1.553110
110.345032,1.553110
110.345032,1.553110
110.345032,1.553110
110.345032,1.553110
110.345032,1.553110
110.345032,1.553110
110.345032,1.553110
110.345032,1.553110
110.345032,1.553110
110.345032,1.553110
110.345032,1.553110
110.345032,1.553110
110.345032,1.553110
110.345032,1.553110
110.345032,1.553110
110.345032,1.553110
110.345032,1.553110
110.345032,1.553110
110.345032,1.553110
110.345032,1.553110
110.345032,1.553110
110.345032,1.553110
110.345032,1.553110
110.345032,1.553110
110.345032,1.553110
110.345032,1.553110
110.345032,1.553110
110.345032,1.553110
110.345032,1.553110
110.345032,1.553110
110.345032,1.553110
110.345032,1.553110
110.345032,1.553110
110.345032,1.553110
110.345032,1.553110
110.345032,1.553110
110.345032,1.553110
110.345032,1.553110
110.345032,1.553110
110.345032,1.553110
110.345032,1.553110
110.345032,1.553110
110.345032,1.553110
110.345032,1.553110
110.345032,1.553110
110.345032,1.553110
110.345032,1.553110
110.345032,1.553110
110.345032,1.553110
110.345032,1.553110
110.345032,1.553110
110.345032,1.553110
110.345032,1.553110
110.345032,1.553110
110.345032,1.553110
110.345032,1.553110
110.345032,1.553110
110.345032,1.553110
110.345032,1.553110
110.345032,1.553110
110.345032,1.553110
110.345032,1.553110
110.345032,1.553110
110.345032,1.553110
110.345032,1.553110
110.345032,1.553110
110.345032,1.553110
110.345032,1.553110
110.345032,1.553110
110.345032,1.553110
110.345032,1.553110
110.345032,1.553110
110.345032,1.553110
110.345032,1.553110
110.345032,1.553110
110.345032,1.553110
110.345032,1.553110
110.345032,1.553110
110.345032,1.553110
110.345032,1.553110
110.345032,1.553110
110.345032,1.553110
110.345032,1.553110
110.345032,1.553110
110.345032,1.553110
110.345032,1.553110
110.345032,1.553110
110.345032,1.553110
110.345032,1.553110
110.345032,1.553110
110.345032,1.553110
110.345032,1.553110
110.345032,1.553110
110.345032,1.553110
110.345032,1.553110
110.345032,1.553110
110.345032,1.553110
110.345032,1.553110
110.345032,1.553110
110.345032,1.553110
110.345032,1.553110
110.345032,1.553110
110.345032,1.553110
110.345032,1.553110
110.345032,1.553110
110.345032,1.553110
110.345032,1.553110
110.345032,1.553110
110.345032,1.553110
110.345032,1.553110
110.345032,1.553110
110.345032,1.553110
110.345032,1.553110
110.345032,1.553110
110.345032,1.553110
110.345032,1.553110
110.345032,1.553110
110.345032,1.553110
110.345032,1.553110
110.345032,1.553110
110.345032,1.553110
110.345032,1.553110
110.345032,1.553110
110.345032,1.553110
110.345032,1.553110
110.345032,1.553110
110.345032,1.553110
110.345032,1.553110
110.345032,1.553110
110.345032,1.553110
110.345032,1.553110
110.345032,1.553110
110.345032,1.553110
110.345032,1.553110
110.345032,1.553110
110.345032,1.553110
110.345032,1.553110
110.345032,1.553110
110.345032,1.553110
110.345032,1.553110
110.345032,1.553110
110.345032,1.553110
110.345032,1.553110
110.345032,1.553110
110.345032,1.553110
110.345032,1.553110
110.345032,1.553110
110.345032,1.553110
110.345032,1.553110
110.345032,1.553110
110.345032,1.553110
110.345032,1.553110
110.345032,1.553110
110.345032,1.553110
110.345032,1.553110
110.345032,1.553110
110.345032,1.553110
110.345032,1.553110
110.345032,1.553110
110.345032,1.553110
110.345032,1.553110
110.345032,1.553110
110.345032,1.553110
110.345032,1.553110
110.345032,1.553110
110.345032,1.553110
110.345032,1.553110
110.345032,1.553110
110.345032,1.553110
110.345032,1.553110
110.345032,1.553110
110.345032,1.553110
110.345032,1.553110
110.345032,1.553110
110.345032,1.553110
110.345032,1.553110
110.345032,1.553110
110.345032,1.553110
110.345032,1.553110
110.345032,1.553110
110.345032,1.553110
110.345032,1.553110
110.345032,1.553110
110.345032,1.553110
110.345032,1.553110
110.345032,1.553110
110.345032,1.553110
110.345032,1.553110
110.345032,1.553110
110.345032,1.553110
110.345032,1.553110
110.345032,1.553110
110.345032,1.553110
110.345032,1.553110
110.345032,1.553110
110.345032,1.553110
110.345032,1.553110
110.345032,1.553110
110.345032,1.553110
110.345032,1.553110
110.345032,1.553110
110.345032,1.553110
110.345032,1.553110
110.345032,1.553110
110.345032,1.553110
110.345032,1.553110
110.345032,1.553110
110.345032,1.553110
110.345032,1.553110
110.345032,1.553110
110.345032,1.553110
110.345032,1.553110
110.345032,1.553110
110.345032,1.553110
110.345032,1.553110
110.345032,1.553110
110.345032,1.553110
110.345032,1.553110
110.345032,1.553110
110.345032,1.553110
110.345032,1.553110
110.345032,1.553110
110.345032,1.553110
110.345032,1.553110
110.345032,1.553110
110.345032,1.553110
110.345032,1.553110
110.345032,1.553110
110.345032,1.553110
110.345032,1.553110
110.345032,1.553110
110.345032,1.553110
110.345032,1.553110
110.345032,1.553110
110.345032,1.553110
110.345032,1.553110
110.345032,1.553110
110.345032,1.553110
110.345032,1.553110
110.345032,1.553110
110.345032,1.553110
110.345032,1.553110
110.345032,1.553110
110.345032,1.553110
110.345032,1.553110
110.345032,1.553110
110.345032,1.553110
110.345032,1.553110
110.345032,1.553110
110.345032,1.553110
110.345032,1.553110
110.345032,1.553110
110.345032,1.553110
110.345032,1.553110
110.345032,1.553110
110.345032,1.553110
110.345032,1.553110
110.345032,1.553110
110.345032,1.553110
110.345032,1.553110
110.345032,1.553110
110.345032,1.553110
110.345032,1.553110
110.345032,1.553110
110.345032,1.553110
110.345032,1.553110
110.345032,1.553110
110.345032,1.553110
110.345032,1.553110
110.345032,1.553110
110.345032,1.553110
110.345032,1.553110
110.345032,1.553110
110.345032,1.553110
110.345032,1.553110
110.345032,1.553110
110.345032,1.553110
110.345032,1.553110
110.345032,1.553110
110.345032,1.553110
110.345032,1.553110
110.345032,1.553110
110.345032,1.553110
110.345032,1.553110
110.345032,1.553110
110.345032,1.553110
110.345032,1.553110
110.345032,1.553110
110.345032,1.553110
110.345032,1.553110
110.345032,1.553110
110.345032,1.553110
110.345032,1.553110
110.345032,1.553110
110.345032,1.553110
110.345032,1.553110
110.345032,1.553110
110.345032,1.553110
110.345032,1.553110
110.345032,1.553110
110.345032,1.553110
110.345032,1.553110
110.345032,1.553110
110.345032,1.553110
110.345032,1.553110
110.345032,1.553110
110.345032,1.553110
110.345032,1.553110
110.345032,1.553110
110.345032,1.553110
110.345032,1.553110
110.345032,1.553110
110.345032,1.553110
110.345032,1.553110
110.345032,1.553110
110.345032,1.553110
110.345032,1.553110
110.345032,1.553110
110.345032,1.553110
110.345032,1.553110
110.345032,1.553110
110.345032,1.553110
110.345032,1.553110
110.345032,1.553110
110.345032,1.553110
110.345032,1.553110
110.345032,1.553110
110.345032,1.553110
110.345032,1.553110
110.345032,1.553110
110.345032,1.553110
110.345032,1.553110
110.345032,1.553110
110.345032,1.553110
110.345032,1.553110
110.345032,1.553110
110.345032,1.553110
110.345032,1.553110
110.345032,1.553110
110.345032,1.553110
110.345032,1.553110
110.345032,1.553110
110.345032,1.553110
110.345032,1.553110
110.345032,1.553110
110.345032,1.553110
110.345032,1.553110
110.345032,1.553110
110.345032,1.553110
110.345032,1.553110
110.345032,1.553110
110.345032,1.553110
110.345032,1.553110
110.345032,1.553110
110.345032,1.553110
110.345032,1.553110
110.345032,1.553110
110.345032,1.553110
110.345032,1.553110
110.345032,1.553110
110.345032,1.553110
110.345032,1.553110
110.345032,1.553110
110.345032,1.553110
110.345032,1.553110
110.345032,1.553110
110.345032,1.553110
110.345032,1.553110
110.345032,1.553110
110.345032,1.553110
110.345032,1.553110
110.345032,1.553110
110.345032,1.553110
110.345032,1.553110
110.345032,1.553110
110.345032,1.553110
110.345032,1.553110
110.345032,1.553110
110.345032,1.553110
110.345032,1.553110
110.345032,1.553110
110.345032,1.553110
110.345032,1.553110
110.345032,1.553110
110.345032,1.553110
110.345032,1.553110
110.345032,1.553110
110.345032,1.553110
110.345032,1.553110
110.345032,1.553110
110.345032,1.553110
110.345032,1.553110
110.345032,1.553110
110.345032,1.553110
110.345032,1.553110
110.345032,1.553110
110.345032,1.553110
110.345032,1.553110
110.345032,1.553110
110.345032,1.553110
110.345032,1.553110
110.345032,1.553110
110.345032,1.553110
110.345032,1.553110
110.345032,1.553110
110.345032,1.553110
110.345032,1.553110
110.345032,1.553110
110.345032,1.553110
110.345032,1.553110
110.345032,1.553110
110.345032,1.553110
110.345032,1.553110
110.345032,1.553110
110.345032,1.553110
110.345032,1.553110
110.345032,1.553110
110.345032,1.553110
110.345032,1.553110
110.345032,1.553110
110.345032,1.553110
110.345032,1.553110
110.345032,1.553110
110.345032,1.553110
110.345032,1.553110
110.345032,1.553110
110.345032,1.553110
110.345032,1.553110
110.345032,1.553110
110.345032,1.553110
110.345032,1.553110
110.345032,1.553110
110.345032,1.553110
110.345032,1.553110
110.345032,1.553110
110.345032,1.553110
110.345032,1.553110
110.345032,1.553110
110.345032,1.553110
110.345032,1.553110
110.345032,1.553110
110.345032,1.553110
110.345032,1.553110
110.345032,1.553110
110.345032,1.553110
110.345032,1.553110
110.345032,1.553110
110.345032,1.553110
110.345032,1.553110
110.345032,1.553110
110.345032,1.553110
110.345032,1.553110
110.345032,1.553110
110.345032,1.553110
110.345032,1.553110
110.345032,1.553110
110.345032,1.553110
110.345032,1.553110
110.345032,1.553110
110.345032,1.553110
110.345032,1.553110
110.345032,1.553110
110.345032,1.553110
110.345032,1.553110
110.345032,1.553110
110.345032,1.553110
110.345032,1.553110
110.345032,1.553110
110.345032,1.553110
110.345032,1.553110
110.345032,1.553110
110.345032,1.553110
110.345032,1.553110
110.345032,1.553110
110.345032,1.553110
110.345032,1.553110
110.345032,1.553110
110.345032,1.553110
110.345032,1.553110
110.345032,1.553110
110.345032,1.553110
110.345032,1.553110
110.345032,1.553110
110.345032,1.553110
110.345032,1.553110
110.345032,1.553110
110.345032,1.553110
110.345032,1.553110
110.345032,1.553110
110.345032,1.553110
110.345032,1.553110
110.345032,1.553110
110.345032,1.553110
110.345032,1.553110
110.345032,1.553110
110.345032,1.553110
110.345032,1.553110
110.345032,1.553110
110.345032,1.553110
110.345032,1.553110
110.345032,1.553110
110.345032,1.553110
110.345032,1.553110
110.345032,1.553110
110.345032,1.553110
110.345032,1.553110
110.345032,1.553110
110.345032,1.553110
110.345032,1.553110
110.345032,1.553110
110.345032,1.553110
110.345032,1.553110
110.345032,1.553110
110.345032,1.553110
110.345032,1.553110
110.345032,1.553110
110.345032,1.553110
110.345032,1.553110
110.345032,1.553110
110.345032,1.553110
110.345032,1.553110
110.345032,1.553110
110.345032,1.553110
110.345032,1.553110
110.345032,1.553110
110.345032,1.553110
110.345032,1.553110
110.345032,1.553110
110.345032,1.553110
110.345032,1.553110
110.345032,1.553110
110.345032,1.553110
110.345032,1.553110
110.345032,1.553110
110.345032,1.553110
110.345032,1.553110
110.345032,1.553110
110.345032,1.553110
110.345032,1.553110
110.345032,1.553110
110.345032,1.553110
110.345032,1.553110
110.345032,1.553110
110.345032,1.553110
110.345032,1.553110
110.345032,1.553110
110.345032,1.553110
110.345032,1.553110
110.345032,1.553110
110.345032,1.553110
110.345032,1.553110
110.345032,1.553110
110.345032,1.553110
110.345032,1.553110
110.345032,1.553110
110.345032,1.553110
110.345032,1.553110
110.345032,1.553110
110.345032,1.553110
110.345032,1.553110
110.345032,1.553110
110.345032,1.553110
110.345032,1.553110
110.345032,1.553110
110.345032,1.553110
110.345032,1.553110
110.345032,1.553110
110.345032,1.553110
110.345032,1.553110
110.345032,1.553110
110.345032,1.553110
110.345032,1.553110
110.345032,1.553110
110.345032,1.553110
110.345032,1.553110
110.345032,1.553110
110.345032,1.553110
110.345032,1.553110
110.345032,1.553110
110.345032,1.553110
110.345032,1.553110
110.345032,1.553110
110.345032,1.553110
110.345032,1.553110
110.345032,1.553110
110.345032,1.553110
110.345032,1.553110
110.345032,1.553110
110.345032,1.553110
110.345032,1.553110
110.345032,1.553110
110.345032,1.553110
110.345032,1.553110
110.345032,1.553110
110.345032,1.553110
110.345032,1.553110
110.345032,1.553110
110.345032,1.553110
110.345032,1.553110
110.345032,1.553110
110.345032,1.553110
110.345032,1.553110
110.345032,1.553110
110.345032,1.553110
110.345032,1.553110
110.345032,1.553110
110.345032,1.553110
110.345032,1.553110
110.345032,1.553110
110.345032,1.553110
110.345032,1.553110
110.345032,1.553110
110.345032,1.553110
110.345032,1.553110
110.345032,1.553110
110.345032,1.553110
110.345032,1.553110
110.345032,1.553110
110.345032,1.553110
110.345032,1.553110
110.345032,1.553110
110.345032,1.553110
110.345032,1.553110
110.345032,1.553110
110.345032,1.553110
110.345032,1.553110
110.345032,1.553110
110.345032,1.553110
110.345032,1.553110
110.345032,1.553110
110.345032,1.553110
110.345032,1.553110
110.345032,1.553110
110.345032,1.553110
110.345032,1.553110
110.345032,1.553110
110.345032,1.553110
110.345032,1.553110
110.345032,1.553110
110.345032,1.553110
110.345032,1.553110
110.345032,1.553110
110.345032,1.553110
110.345032,1.553110
110.345032,1.553110
110.345032,1.553110
110.345032,1.553110
110.345032,1.553110
110.345032,1.553110
110.345032,1.553110
110.345032,1.553110
110.345032,1.553110
110.345032,1.553110
110.345032,1.553110
110.345032,1.553110
110.345032,1.553110
110.345032,1.553110
110.345032,1.553110
110.345032,1.553110
110.345032,1.553110
110.345032,1.553110
110.345032,1.553110
110.345032,1.553110
110.345032,1.553110
110.345032,1.553110
110.345032,1.553110
110.345032,1.553110
110.345032,1.553110
110.345032,1.553110
110.345032,1.553110
110.345032,1.553110
110.345032,1.553110
110.345032,1.553110
110.345032,1.553110
110.345032,1.553110
110.345032,1.553110
110.345032,1.553110
110.345032,1.553110
110.345032,1.553110
110.345032,1.553110
110.345032,1.553110
110.345032,1.553110
110.345032,1.553110
110.345032,1.553110
110.345032,1.553110
110.345032,1.553110
110.345032,1.553110
110.345032,1.553110
110.345032,1.553110
110.345032,1.553110
110.345032,1.553110
110.345032,1.553110
110.345032,1.553110
110.345032,1.553110
110.345032,1.553110
110.345032,1.553110
110.345032,1.553110
110.345032,1.553110
110.345032,1.553110
110.345032,1.553110
110.345032,1.553110
110.345032,1.553110
110.345032,1.553110
110.345032,1.553110
110.345032,1.553110
110.345032,1.553110
110.345032,1.553110
110.345032,1.553110
110.345032,1.553110
110.345032,1.553110
110.345032,1.553110
110.345032,1.553110
110.345032,1.553110
110.345032,1.553110
110.345032,1.553110
110.345032,1.553110
110.345032,1.553110
110.345032,1.553110
110.345032,1.553110
110.345032,1.553110
110.345032,1.553110
110.345032,1.553110
110.345032,1.553110
110.345032,1.553110
110.345032,1.553110
110.345032,1.553110
110.345032,1.553110
110.345032,1.553110
110.345032,1.553110
110.345032,1.553110
110.345032,1.553110
110.345032,1.553110
110.345032,1.553110
110.345032,1.553110
110.345032,1.553110
110.345032,1.553110
110.345032,1.553110
110.345032,1.553110
110.345032,1.553110
110.345032,1.553110
110.345032,1.553110
110.345032,1.553110
110.345032,1.553110
110.345032,1.553110
110.345032,1.553110
110.345032,1.553110
110.345032,1.553110
110.345032,1.553110
110.345032,1.553110
110.345032,1.553110
110.345032,1.553110
110.345032,1.553110
110.345032,1.553110
110.345032,1.553110
110.345032,1.553110
110.345032,1.553110
110.345032,1.553110
110.345032,1.553110
110.345032,1.553110
110.345032,1.553110
110.345032,1.553110
110.345032,1.553110
110.345032,1.553110
110.345032,1.553110
110.345032,1.553110
110.345032,1.553110
110.345032,1.553110
110.345032,1.553110
110.345032,1.553110
110.345032,1.553110
110.345032,1.553110
110.345032,1.553110
110.345032,1.553110
110.345032,1.553110
110.345032,1.553110
110.345032,1.553110
110.345032,1.553110
110.345032,1.553110
110.345032,1.553110
110.345032,1.553110
110.345032,1.553110
110.345032,1.553110
110.345032,1.553110
110.345032,1.553110
110.345032,1.553110
110.345032,1.553110
110.345032,1.553110
110.345032,1.553110
110.345032,1.553110
110.345032,1.553110
110.345032,1.553110
110.345032,1.553110
110.345032,1.553110
110.345032,1.553110
110.345032,1.553110
110.345032,1.553110
110.345032,1.553110
110.345032,1.553110
110.345032,1.553110
110.345032,1.553110
110.345032,1.553110
110.345032,1.553110
110.345032,1.553110
110.345032,1.553110
110.345032,1.553110
110.345032,1.553110
110.345032,1.553110
110.345032,1.553110
110.345032,1.553110
110.345032,1.553110
110.345032,1.553110
110.345032,1.553110
110.345032,1.553110
110.345032,1.553110
110.345032,1.553110
110.345032,1.553110
110.345032,1.553110
110.345032,1.553110
110.345032,1.553110
110.345032,1.553110
110.345032,1.553110
110.345032,1.553110
110.345032,1.553110
110.345032,1.553110
110.345032,1.553110
110.345032,1.553110
110.345032,1.553110
110.345032,1.553110
110.345032,1.553110
110.345032,1.553110
110.345032,1.553110
110.345032,1.553110
110.345032,1.553110
110.345032,1.553110
110.345032,1.553110
110.345032,1.553110
110.345032,1.553110
110.345032,1.553110
110.345032,1.553110
110.345032,1.553110
110.345032,1.553110
110.345032,1.553110
110.345032,1.553110
110.345032,1.553110
110.345032,1.553110
110.345032,1.553110
110.345032,1.553110
110.345032,1.553110
110.345032,1.553110
110.345032,1.553110
110.345032,1.553110
110.345032,1.553110
110.345032,1.553110
110.345032,1.553110
110.345032,1.553110
110.345032,1.553110
110.345032,1.553110
110.345032,1.553110
110.345032,1.553110
110.345032,1.553110
110.345032,1.553110
110.345032,1.553110
110.345032,1.553110
110.345032,1.553110
110.345032,1.553110
110.345032,1.553110
110.345032,1.553110
110.345032,1.553110
110.345032,1.553110
110.345032,1.553110
110.345032,1.553110
110.345032,1.553110
110.345032,1.553110
110.345032,1.553110
110.345032,1.553110
110.345032,1.553110
110.345032,1.553110
110.345032,1.553110
110.345032,1.553110
110.345032,1.553110
110.345032,1.553110
110.345032,1.553110
110.345032,1.553110
110.345032,1.553110
110.345032,1.553110
110.345032,1.553110
110.345032,1.553110
110.345032,1.553110
110.345032,1.553110
110.345032,1.553110
110.345032,1.553110
110.345032,1.553110
110.345032,1.553110
110.345032,1.553110
110.345032,1.553110
110.345032,1.553110
110.345032,1.553110
110.345032,1.553110
110.345032,1.553110
110.345032,1.553110
110.345032,1.553110
110.345032,1.553110
110.345032,1.553110
110.345032,1.553110
110.345032,1.553110
110.345032,1.553110
110.345032,1.553110
110.345032,1.553110
110.345032,1.553110
110.345032,1.553110
110.345032,1.553110
110.345032,1.553110
110.345032,1.553110
110.345032,1.553110
110.345032,1.553110
110.345032,1.553110
110.345032,1.553110
110.345032,1.553110
110.345032,1.553110
110.345032,1.553110
110.345032,1.553110
110.345032,1.553110
110.345032,1.553110
110.345032,1.553110
110.345032,1.553110
110.345032,1.553110
110.345032,1.553110
110.345032,1.553110
110.345032,1.553110
110.345032,1.553110
110.345032,1.553110
110.345032,1.553110
110.345032,1.553110
110.345032,1.553110
110.345032,1.553110
110.345032,1.553110
110.345032,1.553110
110.345032,1.553110
110.345032,1.553110
110.345032,1.553110
110.345032,1.553110
110.345032,1.553110
110.345032,1.553110
110.345032,1.553110
110.345032,1.553110
110.345032,1.553110
110.345032,1.553110
110.345032,1.553110
110.345032,1.553110
110.345032,1.553110
110.345032,1.553110
110.345032,1.553110
110.345032,1.553110
110.345032,1.553110
110.345032,1.553110
110.345032,1.553110
110.345032,1.553110
110.345032,1.553110
110.345032,1.553110
110.345032,1.553110
110.345032,1.553110
110.345032,1.553110
110.345032,1.553110
110.345032,1.553110
110.345032,1.553110
110.345032,1.553110
110.345032,1.553110
110.345032,1.553110
110.345032,1.553110
110.345032,1.553110
110.345032,1.553110
110.345032,1.553110
110.345032,1.553110
110.345032,1.553110
110.345032,1.553110
110.345032,1.553110
110.345032,1.553110
110.345032,1.553110
110.345032,1.553110
110.345032,1.553110
110.345032,1.553110
110.345032,1.553110
110.345032,1.553110
110.345032,1.553110
110.345032,1.553110
110.345032,1.553110
110.345032,1.553110
110.345032,1.553110
110.345032,1.553110
110.345032,1.553110
110.345032,1.553110
110.345032,1.553110
110.345032,1.553110
110.345032,1.553110
110.345032,1.553110
110.345032,1.553110
110.345032,1.553110
110.345032,1.553110
110.345032,1.553110
110.345032,1.553110
110.345032,1.553110
110.345032,1.553110
110.345032,1.553110
110.345032,1.553110
110.345032,1.553110
110.345032,1.553110
110.345032,1.553110
110.345032,1.553110
110.345032,1.553110
110.345032,1.553110
110.345032,1.553110
110.345032,1.553110
110.345032,1.553110
110.345032,1.553110
110.345032,1.553110
110.345032,1.553110
110.345032,1.553110
110.345032,1.553110
110.345032,1.553110
110.345032,1.553110
110.345032,1.553110
110.345032,1.553110
110.345032,1.553110
110.345032,1.553110
110.345032,1.553110
110.345032,1.553110
110.345032,1.553110
110.345032,1.553110
110.345032,1.553110
110.345032,1.553110
110.345032,1.553110
110.345032,1.553110
110.345032,1.553110
110.345032,1.553110
110.345032,1.553110
110.345032,1.553110
110.345032,1.553110
110.345032,1.553110
110.345032,1.553110
110.345032,1.553110
110.345032,1.553110
110.345032,1.553110
110.345032,1.553110
110.345032,1.553110
110.345032,1.553110
110.345032,1.553110
110.345032,1.553110
110.345032,1.553110
110.345032,1.553110
110.345032,1.553110
110.345032,1.553110
110.345032,1.553110
110.345032,1.553110
110.345032,1.553110
110.345032,1.553110
110.345032,1.553110
110.345032,1.553110
110.345032,1.553110
110.345032,1.553110
110.345032,1.553110
110.345032,1.553110
110.345032,1.553110
110.345032,1.553110
110.345032,1.553110
110.345032,1.553110
110.345032,1.553110
110.345032,1.553110
110.345032,1.553110
110.345032,1.553110
110.345032,1.553110
110.345032,1.553110
110.345032,1.553110
110.345032,1.553110
110.345032,1.553110
110.345032,1.553110
110.345032,1.553110
110.345032,1.553110
110.345032,1.553110
110.345032,1.553110
110.345032,1.553110
110.345032,1.553110
110.345032,1.553110
110.345032,1.553110
110.345032,1.553110
110.345032,1.553110
110.345032,1.553110
110.345032,1.553110
110.345032,1.553110
110.345032,1.553110
110.345032,1.553110
110.345032,1.553110
110.345032,1.553110
110.345032,1.553110
110.345032,1.553110
110.345032,1.553110
110.345032,1.553110
110.345032,1.553110
110.345032,1.553110
110.345032,1.553110
110.345032,1.553110
110.345032,1.553110
110.345032,1.553110
110.345032,1.553110
110.345032,1.553110
110.345032,1.553110
110.345032,1.553110
110.345032,1.553110
110.345032,1.553110
110.345032,1.553110
110.345032,1.553110
110.345032,1.553110
110.345032,1.553110
110.345032,1.553110
110.345032,1.553110
110.345032,1.553110
110.345032,1.553110
110.345032,1.553110
110.345032,1.553110
110.345032,1.553110
110.345032,1.553110
110.345032,1.553110
110.345032,1.553110
110.345032,1.553110
110.345032,1.553110
110.345032,1.553110
110.345032,1.553110
110.345032,1.553110
110.345032,1.553110
110.345032,1.553110
110.345032,1.553110
110.345032,1.553110
110.345032,1.553110
110.345032,1.553110
110.345032,1.553110
110.345032,1.553110
110.345032,1.553110
110.345032,1.553110
110.345032,1.553110
110.345032,1.553110
110.345032,1.553110
110.345032,1.553110
110.345032,1.553110
110.345032,1.553110
110.345032,1.553110
110.345032,1.553110
110.345032,1.553110
110.345032,1.553110
110.345032,1.553110
110.345032,1.553110
110.345032,1.553110
110.345032,1.553110
110.345032,1.553110
110.345032,1.553110
110.345032,1.553110
110.345032,1.553110
110.345032,1.553110
110.345032,1.553110
110.345032,1.553110
110.345032,1.553110
110.345032,1.553110
110.345032,1.553110
110.345032,1.553110
110.345032,1.553110
110.345032,1.553110
110.345032,1.553110
110.345032,1.553110
110.345032,1.553110
110.345032,1.553110
110.345032,1.553110
110.345032,1.553110
110.345032,1.553110
110.345032,1.553110
110.345032,1.553110
110.345032,1.553110
110.345032,1.553110
110.345032,1.553110
110.345032,1.553110
110.345032,1.553110
110.345032,1.553110
110.345032,1.553110
110.345032,1.553110
110.345032,1.553110
110.345032,1.553110
110.345032,1.553110
110.345032,1.553110
110.345032,1.553110
110.345032,1.553110
110.345032,1.553110
110.345032,1.553110
110.345032,1.553110
110.345032,1.553110
110.345032,1.553110
110.345032,1.553110
110.345032,1.553110
110.345032,1.553110
110.345032,1.553110
110.345032,1.553110
110.345032,1.553110
110.345032,1.553110
110.345032,1.553110
110.345032,1.553110
110.345032,1.553110
110.345032,1.553110
110.345032,1.553110
110.345032,1.553110
110.345032,1.553110
110.345032,1.553110
110.345032,1.553110
110.345032,1.553110
110.345032,1.553110
110.345032,1.553110
110.345032,1.553110
110.345032,1.553110
110.345032,1.553110
110.345032,1.553110
110.345032,1.553110
110.345032,1.553110
110.345032,1.553110
110.345032,1.553110
110.345032,1.553110
110.345032,1.553110
110.345032,1.553110
110.345032,1.553110
110.345032,1.553110
110.345032,1.553110
110.345032,1.553110
110.345032,1.553110
110.345032,1.553110
110.345032,1.553110
110.345032,1.553110
110.345032,1.553110
110.345032,1.553110
110.345032,1.553110
110.345032,1.553110
110.345032,1.553110
110.345032,1.553110
110.345032,1.553110
110.345032,1.553110
110.345032,1.553110
110.345032,1.553110
110.345032,1.553110
110.345032,1.553110
110.345032,1.553110
110.345032,1.553110
110.345032,1.553110
110.345032,1.553110
110.345032,1.553110
110.345032,1.553110
110.345032,1.553110
110.345032,1.553110
110.345032,1.553110
110.345032,1.553110
110.345032,1.553110
110.345032,1.553110
110.345032,1.553110
110.345032,1.553110
110.345032,1.553110
110.345032,1.553110
110.345032,1.553110
110.345032,1.553110
110.345032,1.553110
110.345032,1.553110
110.345032,1.553110
110.345032,1.553110
110.345032,1.553110
110.345032,1.553110
110.345032,1.553110
110.345032,1.553110
110.345032,1.553110
110.345032,1.553110
110.345032,1.553110
110.345032,1.553110
110.345032,1.553110
110.345032,1.553110
110.345032,1.553110
110.345032,1.553110
110.345032,1.553110
110.345032,1.553110
110.345032,1.553110
110.345032,1.553110
110.345032,1.553110
110.345032,1.553110
110.345032,1.553110
110.345032,1.553110
110.345032,1.553110
110.345032,1.553110
110.345032,1.553110
110.345032,1.553110
110.345032,1.553110
110.345032,1.553110
110.345032,1.553110
110.345032,1.553110
110.345032,1.553110
110.345032,1.553110
110.345032,1.553110
110.345032,1.553110
110.345032,1.553110
110.345032,1.553110
110.345032,1.553110
110.345032,1.553110
110.345032,1.553110
110.345032,1.553110
110.345032,1.553110
110.345032,1.553110
110.345032,1.553110
110.345032,1.553110
110.345032,1.553110
110.345032,1.553110
110.345032,1.553110
110.345032,1.553110
110.345032,1.553110
110.345032,1.553110
110.345032,1.553110
110.345032,1.553110
110.345032,1.553110
110.345032,1.553110
110.345032,1.553110
110.345032,1.553110
110.345032,1.553110
110.345032,1.553110
110.345032,1.553110
110.345032,1.553110
110.345032,1.553110
110.345032,1.553110
110.345032,1.553110
110.345032,1.553110
110.345032,1.553110
110.345032,1.553110
110.345032,1.553110
110.345032,1.553110
110.345032,1.553110
110.345032,1.553110
110.345032,1.553110
110.345032,1.553110
110.345032,1.553110
110.345032,1.553110
110.345032,1.553110
110.345032,1.553110
110.345032,1.553110
110.345032,1.553110
110.345032,1.553110
110.345032,1.553110
110.345032,1.553110
110.345032,1.553110
110.345032,1.553110
110.345032,1.553110
110.345032,1.553110
110.345032,1.553110
110.345032,1.553110
110.345032,1.553110
110.345032,1.553110
110.345032,1.553110
110.345032,1.553110
110.345032,1.553110
110.345032,1.553110
110.345032,1.553110
110.345032,1.553110
110.345032,1.553110
110.345032,1.553110
110.345032,1.553110
110.345032,1.553110
110.345032,1.553110
110.345032,1.553110
110.345032,1.553110
110.345032,1.553110
110.345032,1.553110
110.345032,1.553110
110.345032,1.553110
110.345032,1.553110
110.345032,1.553110
110.345032,1.553110
110.345032,1.553110
110.345032,1.553110
110.345032,1.553110
110.345032,1.553110
110.345032,1.553110
110.345032,1.553110
110.345032,1.553110
110.345032,1.553110
110.345032,1.553110
110.345032,1.553110
110.345032,1.553110
110.345032,1.553110
110.345032,1.553110
110.345032,1.553110
110.345032,1.553110
110.345032,1.553110
110.345032,1.553110
110.345032,1.553110
110.345032,1.553110
110.345032,1.553110
110.345032,1.553110
110.345032,1.553110
110.345032,1.553110
110.345032,1.553110
110.345032,1.553110
110.345032,1.553110
110.345032,1.553110
110.345032,1.553110
110.345032,1.553110
110.345032,1.553110
110.345032,1.553110
110.345032,1.553110
110.345032,1.553110
110.345032,1.553110
110.345032,1.553110
110.345032,1.553110
110.345032,1.553110
110.345032,1.553110
110.345032,1.553110
110.345032,1.553110
110.345032,1.553110
110.345032,1.553110
110.345032,1.553110
110.345032,1.553110
110.345032,1.553110
110.345032,1.553110
110.345032,1.553110
110.345032,1.553110
110.345032,1.553110
110.345032,1.553110
110.345032,1.553110
110.345032,1.553110
110.345032,1.553110
110.345032,1.553110
110.345032,1.553110
110.345032,1.553110
110.345032,1.553110
110.345032,1.553110
110.345032,1.553110
110.345032,1.553110
110.345032,1.553110
110.345032,1.553110
110.345032,1.553110
110.345032,1.553110
110.345032,1.553110
110.345032,1.553110
110.345032,1.553110
110.345032,1.553110
110.345032,1.553110
110.345032,1.553110
110.345032,1.553110
110.345032,1.553110
110.345032,1.553110
110.345032,1.553110
110.345032,1.553110
110.345032,1.553110
110.345032,1.553110
110.345032,1.553110
110.345032,1.553110
110.345032,1.553110
110.345032,1.553110
110.345032,1.553110
110.345032,1.553110
110.345032,1.553110
110.345032,1.553110
110.345032,1.553110
110.345032,1.553110
110.345032,1.553110
110.345032,1.553110
110.345032,1.553110
110.345032,1.553110
110.345032,1.553110
110.345032,1.553110
110.345032,1.553110
110.345032,1.553110
110.345032,1.553110
110.345032,1.553110
110.345032,1.553110
110.345032,1.553110
110.345032,1.553110
110.345032,1.553110
110.345032,1.553110
110.345032,1.553110
110.345032,1.553110
110.345032,1.553110
110.345032,1.553110
110.345032,1.553110
110.345032,1.553110
110.345032,1.553110
110.345032,1.553110
110.345032,1.553110
110.345032,1.553110
110.345032,1.553110
110.345032,1.553110
110.345032,1.553110
110.345032,1.553110
110.345032,1.553110
110.345032,1.553110
110.345032,1.553110
110.345032,1.553110
110.345032,1.553110
110.345032,1.553110
110.345032,1.553110
110.345032,1.553110
110.345032,1.553110
110.345032,1.553110
110.345032,1.553110
110.345032,1.553110
110.345032,1.553110
110.345032,1.553110
110.345032,1.553110
110.345032,1.553110
110.345032,1.553110
110.345032,1.553110
110.345032,1.553110
110.345032,1.553110
110.345032,1.553110
110.345032,1.553110
110.345032,1.553110
110.345032,1.553110
110.345032,1.553110
110.345032,1.553110
110.345032,1.553110
110.345032,1.553110
110.345032,1.553110
110.345032,1.553110
110.345032,1.553110
110.345032,1.553110
110.345032,1.553110
110.345032,1.553110
110.345032,1.553110
110.345032,1.553110
110.345032,1.553110
110.345032,1.553110
110.345032,1.553110
110.345032,1.553110
110.345032,1.553110
110.345032,1.553110
110.345032,1.553110
110.345032,1.553110
110.345032,1.553110
110.345032,1.553110
110.345032,1.553110
110.345032,1.553110
110.345032,1.553110
110.345032,1.553110
110.345032,1.553110
110.345032,1.553110
110.345032,1.553110
110.345032,1.553110
110.345032,1.553110
110.345032,1.553110